TITLE: Bill of Materials
BOM NO: 05-049353-01-a.csv
DATE: 04/12/2018
DESIGN: 02_049353a_top
TEMPLATE: Z:\allegro\v172_site\cdssetup\template.bom
CALLOUT: 

ITEM#,Qty,WW_PN,DESCRIPTION," VALUE",JEDEC_TYPE,TOL,VOLTAGE,WATTAGE,LOCATION,MFG," MFG_PN",HLM_STATUS,STOCKROOM_WL,STOCKROOM_GT,STOCKROOM_LK,STOCKROOM_GBO,STOCKROOM_NSH,CUSTOM_PART,DNI
1,1,08_049353a,PCB,?,?,?,?,?,?,Analog Devices Supplied,08_049353a,N/A,?,?,?,?,?,?,?
2,23,E007449,"CAP CER X5R, GENERAL PURPOSE"," 1uF",C0402,10,6.3V,N/A,"C101,C102,C137,C415,C426,C605,C609,C612,C614,C617,C620,C623,C627,C630,C633,C635,C639,C643,C706,C902,C903,C945,C948",MURATA," GRM155R60J105KE19D",REL,A004-0011-072,40302DG788,N/A,163_CAB3,7002750,?,?
3,45,E011567,"CAP CER X5R, GENERAL PURPOSE"," 0.1uF",C0201,10,6.3V,N/A,"C103,C104,C105,C106,C107,C108,C109,C110,C111,C112,C113,C114,C115,C116,C117,C118,C119,C120,C121,C122,C123,C124,C125,C126,C307,C308,C315,C316,C604,C608,C611,C615,C619,C622,C629,C632,C634,C636,C638,C642,C701,C704,C940,C944,C947",MURATA," GRM033R60J104KE19D",REL,N/A,40302JH901,N/A,1646_CAB3,N/A,?,?
8,4,E031190,"CAP CER C0G(NP0), GENERAL PURPOSE"," 27PF",C0201,5,25V,N/A,"C245,C247,C347,C349",MURATA," GRM0335C1E270JA01D",REL,N/A,N/A,N/A,N/A,N/A,?,?
9,4,E028398,"CAP CER C0G(NP0), GENERAL PURPOSE"," 18PF",C0201,5,50V,N/A,"C250,C251,C336,C337",MURATA," GRM0335C1H180JA01D",REL,N/A,N/A,N/A,N/A,N/A,?,?
10,2,E006763,"CAP CER X7R, GENERAL PURPOSE"," 100pF",C0201,10,25V,N/A,"C304,C305",MURATA," GRM033R71E101KA01D",REL,A004-0030-004,N/A,N/A,N/A,7002390,?,?
11,2,E025910,"CAP CER C0G(NP0), GENERAL PURPOSE"," 51PF",C0201,2,50V,N/A,"C344,C350",MURATA," GRM0335C1H510GA01D",REL,N/A,N/A,N/A,N/A,N/A,?,?
12,2,E031191,"CAP CER C0G(NP0), GENERAL PURPOSE"," 75PF",C0201,5,50V,N/A,"C345,C351",MURATA," GRM0335C1H750JA01D",REL,N/A,N/A,N/A,N/A,N/A,?,?
13,2,E022849,"CAP CER C0G(NP0), GENERAL PURPOSE"," 10pF",C0201,5,25V,N/A,"C346,C348",MURATA," GRM0335C1E100JA01D",REL,N/A,N/A,N/A,N/A,N/A,?,?
14,35,E007200,"CAP CER X7R, GENERAL PURPOSE"," 0.1uF",C0402,10,16V,N/A,"C6,C401,C403,C405,C407,C409,C418,C421,C422,C423,C424,C425,C427,C428,C429,C430,C431,C432,C433,C434,C435,C436,C437,C438,C439,C440,C441,C442,C443,C444,C913,C915,C917,C919,C938",MURATA," GRM155R71C104KA88D",REL,A004-0011-066,N/A,N/A,49_CAB3,N/A,?,?
19,1,E012612,"CAP CER C0G(NP0), GENERAL PURPOSE"," 180pF",C0402,5,50V,N/A,C414,MURATA," GRM1555C1H181JA01D",REL,N/A,N/A,N/A,N/A,7002664,?,?
20,1,E012419,"CAP CER C0G(NP0), GENERAL PURPOSE"," 1000pF",C0402,5,50V,N/A,C416,MURATA," GRM1555C1H102JA01",REL,N/A,40302DG776,N/A,106_BIN2-2B,7002363,?,?
21,1,E008196,CAP MULTI CER X5R 0201," 0.47uF",C0201,20,4V,N/A,C417,TAIYO YUDEN," AMK063BJ474MP-F",REL,N/A,N/A,N/A,1480_CAB3,7002235,?,?
23,15,E007143,"CAP CER X5R, GENERAL PURPOSE"," 10uF",C0603,20,6.3V,N/A,"C601,C603,C610,C613,C616,C618,C621,C628,C631,C637,C702,C703,C705,C936,C943",MURATA," GRM188R60J106ME47D",REL,N/A,40302JH499,N/A,1244_BIN1-2A,N/A,?,?
24,8,E031200,"CAP CER X5R, GENERAL PURPOSE"," 220UF",C1210-2,20,6.3V,N/A,"C602,C606,C607,C624,C625,C626,C640,C641",MURATA," GRM32ER60J227ME05L",REL,N/A,N/A,N/A,N/A,N/A,?,?
26,3,E007201,"CAP CER X7R, GENERAL PURPOSE"," 0.01uF",C0201,10,10V,N/A,"C803,C804,C941",MURATA," GRM033R71A103KA01D",REL,ADD_TO_STOCK_237,N/A,N/A,1214_CAB3,7001953,?,?
27,4,E014704,"CAP CER X5R, GENERAL PURPOSE"," 10uF",C0805H60,10,25V,N/A,"C901,C905,C907,C909",MURATA," GRM21BR61E106KA73L",REL,N/A,N/A,N/A,N/A,7002498,?,?
28,2,E006649,"CAP CER X7R, GENERAL PURPOSE"," 0.0027uF",C0402,10,50V,N/A,"C904,C906",MURATA," GRM155R71H272KA01D",REL,A004-0011-070,40302DG804,N/A,165_BIN2-6C,7002959,?,?
29,2,E007461,CAP MONO CER 0402," 0.0033uF",C0402,10,50V,N/A,"C908,C910",YAGEO," CC0402KRX7R9BB332",REL,N/A,N/A,3019410,N/A,N/A,?,?
30,6,E010983,"CAP CER X7R, GENERAL PURPOSE"," 0.01uF",C0402,10,25V,N/A,"C914,C916,C918,C920,C935,C937",MURATA," GRM155R71E103KA01D",REL,N/A,N/A,N/A,N/A,7001961,?,?
31,14,E008247,CAP HIGH VAL MULTILAYER CER X5R 0805," 47uF",C0805H60,20,6.3V,N/A,"C921,C922,C924,C925,C926,C927,C928,C929,C930,C932,C939,C949,C950,C951",TAIYO YUDEN," JMK212BJ476MG-T",REL,A004-0008-070,N/A,N/A,N/A,N/A,?,?
32,1,E006534,"CAP CER X5R, GENERAL PURPOSE"," 22uF",C0805H53,20,6.3V,N/A,C931,MURATA," GRM21BR60J226ME39L",REL,ADD_TO_STOCK_220,N/A,N/A,N/A,N/A,?,?
34,1,E010382,"CAP CER X5R, GENERAL PURPOSE"," 4.7uF",C0603,10,6.3V,N/A,C934,MURATA," GRM188R60J475KE19",NON-PREF,N/A,N/A,N/A,1391_CAB3,7003191,?,?
35,2,E006532,"CAP CER X5R, GENERAL PURPOSE"," 100uF",C1210,20,6.3V,N/A,"C942,C946",MURATA," GRM32ER60J107ME20L",REL,ADD_TO_STOCK_218,N/A,N/A,1696_CAB3,N/A,?,?
36,1,E006935,DIODE GLASS PASSIVATED SILICON RECTIFIER," S2A-LT",DO214AA3,N/A,50V,N/A,CR901,MICRO COMMERCIAL COMPONENTS CORP," S2A-LT",REL,A002-0002-061,N/A,N/A,N/A,7004106,?,?
37,3,E027189,"LED UNICOLOR GREEN, 575NM"," LNJ326W83RA",LED0603_A,N/A,2.5V,0.04W,"DS401,DS402,DS902",PANASONIC," LNJ326W83RA",REL,N/A,N/A,N/A,N/A,N/A,?,?
38,1,E008232,LED BLUE SURFACE MOUNT," LNJ926W8CRA",LED0603,N/A,N/A,N/A,DS901,PANASONIC," LNJ926W8CRA",REL,ADD_TO_STOCK,N/A,N/A,N/A,7003956,?,?
39,1,E025769,"IND FERRITE BEAD, 2.2OHM MAX DC RESISTANCE, 0.2A"," 1.8K OHM AT 100MEGHZ",L0402,25,N/A,N/A,E602,MURATA," BLM15HD182SN1D",REL,N/A,N/A,N/A,N/A,7001397,?,?
40,2,E022207,IND CHIP FERRITE BEAD," 42OHM AT 100MEGHZ",L0805,25,N/A,N/A,"E611,E905",TAIYO YUDEN," FBMJ2125HS420-T",REL,N/A,N/A,N/A,N/A,N/A,?,?
41,1,E026780,"IND FERRITE BEAD, 0.9OHM DCR, 0.12A"," 1.8KOHM AT 100MEGHZ",L0402,25,N/A,N/A,E613,TAIYO YUDEN," BK1005LM182-T",REL,N/A,N/A,N/A,N/A,N/A,?,?
42,1,E012242,IND CHIP FERRITE BD," 120OHM",L0603,25,N/A,N/A,E901,MURATA MANUFACTURING," BLM18KG121TN1D",REL,N/A,N/A,N/A,N/A,7004885,?,?
43,3,E021228,IND CHIP FERRITE BEAD," 470OHM",L0603,25,N/A,N/A,"E902,E903,E904",MURATA MANUFACTURING," BLM18KG471SN1D",REL,N/A,N/A,N/A,N/A,N/A,?,?
44,1,E015998,IND CHIP FERRITE BEAD," 30OHM",L0402,25,N/A,N/A,E906,MURATA MANUFACTURING," BLM15AX300SN1D",REL,N/A,N/A,N/A,N/A,7005137,?,?
46,2,E005321,SLIMLINE LEAD-FREE 1206," 2A",F1206,N/A,63V,N/A,"F901,F902",LITTELFUSE," 0466002.NR",REL,ADD_TO_STOCK2,40609DG044,N/A,N/A,6002563,?,?
48,3,E017863,CONN-PCB RF/COAXIAL SMA JACK STR 50 OHM/6GHz EDGE LAUNCH," 132255-11",CNAMPHENOL132255-11,N/A,N/A,N/A,"J203,J204,J301",AMPHENOL," 132255-11",REL,N/A,N/A,N/A,N/A,6001390,?,?
49,2,E026169,CONN-PCB SMA ST JACK 50OHM CONTACT CENTER SURFACE MOUNT WITH THRU HOLE LEGS," 132134-15",CNSMSMASQ276H379,N/A,N/A,N/A,"J303,J304",AMPHENOL RF," 132134-15",REL,N/A,N/A,N/A,N/A,N/A,?,?
50,1,E000916,CONN-PCB COAX SMA ST," 142-0701-201",CNJOHNSON142-0701-201,N/A,N/A,N/A,J401,CINCH CONNECTIVITY SOLUTIONS," 142-0701-201",REL,A012-0001-033,40313JH541,N/A,N/A,N/A,?,?
51,3,E022198,CONN-PCB UMC JACK STR 50 OHM SMD," U.FL-R-SMT-1(01)",CNHIROSE-U_FL-R-SMT-1,N/A,N/A,N/A,"J402,J403,J408",HIROSE ELECTRIC," U.FL-R-SMT-1(01)",REL,N/A,N/A,N/A,N/A,N/A,?,?
52,4,E025961,"IND HI FREQ WIREWOUND, 0.38A 0.29OHM DCR"," 43NH",L0603,5,N/A,N/A,"L307,L308,L315,L316",MURATA," LQW18AN43NJ00D",REL,N/A,N/A,N/A,N/A,N/A,?,?
55,2,E016651,IND SHIELDED POWER," 2.2uH",LSMSQ157H83,20,N/A,N/A,"L900,L901",COILCRAFT," XFL4020-222MEB",REL,N/A,N/A,N/A,N/A,7005021,?,?
56,2,E017909,IND SHIELDED POWER," 6.8uH",LSMSQ157H122,20,N/A,N/A,"L902,L903",COILCRAFT," XAL4030-682MEC",REL,N/A,N/A,N/A,N/A,7005288,?,?
57,1,E000753,CONN-PCB BERG HDR ST MALE 20P," TSW-110-08-G-D",CNBERG2X10H330LD36,N/A,N/A,N/A,P101,SAMTEC," TSW-110-08-G-D",REL,A012-0003-045,40313JH020,N/A,N/A,N/A,?,?
58,1,E007547,CONN-PCB HEADER 16 PIN ST," TSW-108-08-G-D",CNSAMTECTSW-108-08-G-D-ST,N/A,N/A,N/A,P102,SAMTEC," TSW-108-08-G-D",REL,A012-0003-198,40313JH396,N/A,N/A,6002433,?,?
59,2,E006587,CONN-PCB HDR ST 10P," TSW-105-08-G-D",CNSAMTEC2X5H338LD36,N/A,N/A,N/A,"P103,P104",SAMTEC," TSW-105-08-G-D",REL,ADD_TO_STOCK1,N/A,N/A,N/A,6002417,?,?
60,1,E020976,CONN-PCB UNSHROUDED HDR," FTSH-110-01-L-DV-K",CNHDR2X10H251,N/A,N/A,N/A,P701,SAMTEC," FTSH-110-01-L-DV-K",REL,N/A,N/A,N/A,N/A,N/A,?,?
61,1,E011384,CONN-PCB SGNL-END ARRAY MALE 400POS," ASP-134488-01",CNSAMTECASP-134488-01,N/A,N/A,N/A,P801,SAMTEC," ASP-134488-01",REL,ADD TO STOCK,NA,NA,1690_CAB3,6001851,?,?
65,1,E015819,TRAN DUAL N-CHA 20V (D-S) MOSFET WITH 2 PAD," SIA906EDJ-T1-GE3",POWERPAKSC70-6,N/A,20V,N/A,Q901,VISHAY," SIA906EDJ-T1-GE3",REL,ADD_TO_STOCK,N/A,N/A,N/A,1005731,?,?
66,1,E014068,RES PRECISION THICK FILM CHIP," 14.3K",R0201,1,N/A,1/20W,R101,PANASONIC," ERJ-1GNF1432C",REL,N/A,N/A,N/A,1408_CAB3,7006137,?,?
68,9,E004011,RES PRECISION THICK FILM CHIP," 10K",R0201,1,N/A,1/20W,"R110,R113,R114,R115,R116,R117,R118,R832,R833",PANASONIC," ERJ-1GNF1002C",REL,A003-0081-004,N/A,N/A,N/A,7005859,?,?
69,1,E004010,RES PRECISION THICK FILM CHIP," 1K",R0201,1,N/A,1/20W,R112,PANASONIC," ERJ-1GNF1001C",REL,A003-0081-003,N/A,N/A,N/A,7006424,?,?
70,4,E007239,RES PREC THICK FILM CHIP," 100",R0201,1,N/A,1/20W,"R121,R406,R423,R431",PANASONIC," ERJ-1GNF1000C",REL,N/A,N/A,N/A,N/A,N/A,?,?
71,67,E004015,RES CHIP SMD 0201," 0",R0201,5,N/A,1/20W,"R216,R219,R220,R223,R226,R227,R302,R307,R308,R309,R310,R311,R312,R453,R454,R612,R702,R704,R705,R706,R707,R801,R802,R803,R804,R805,R806,R807,R808,R809,R810,R811,R812,R813,R814,R815,R816,R817,R818,R819,R820,R821,R822,R823,R824,R825,R826,R827,R828,R829,R830,R831,R834,R835,R836,R837,R838,R839,R840,R841,R842,R843,R844,R845,R846,R847,R912",PANASONIC," ERJ-1GE0R00C",REL,A003-0082-001,N/A,N/A,1245_CAB3,N/A,?,?
74,35,E003438,RES CHIP SMD JMPR," 0",R0402,5,N/A,N/A,"R402,R407,R408,R410,R411,R413,R414,R415,R416,R419,R420,R424,R425,R432,R433,R435,R436,R444,R445,R601,R603,R604,R605,R606,R607,R608,R609,R610,R611,R915,R921,R925,R929,R941,R942",PANASONIC," ERJ-2GE0R00X",REL,A003-0021-001,N/A,N/A,1138_CAB3,7000282,?,?
78,1,E019451,RES STD THICK FILM CHIP," 10.2K",R0402,1,N/A,1/16W,R439,VISHAY," CRCW040210K2FKED",REL,N/A,N/A,N/A,N/A,N/A,?,?
79,19,E003751,RES PRECISION THICK FILM CHIP," 10K",R0402,1,N/A,1/10W,"R440,R441,R442,R443,R715,R716,R718,R719,R720,R721,R722,R724,R726,R904,R907,R914,R920,R924,R928",PANASONIC," ERJ-2RKF1002X",REL,A003-0035-004,41816DG719,N/A,N/A,7000582,?,?
80,3,E003753,RES PRECISION THICK FILM CHIP," 200",R0402,1,N/A,1/16W,"R446,R447,R935",PANASONIC," ERJ-2RKF2000X",REL,A003-0035-007,41816DG206,N/A,N/A,N/A,?,?
81,1,E017078,RES THICK FILM," 0.1",R0402,1,N/A,1/6W,R613,PANASONIC," ERJ-2BSFR10X",REL,N/A,N/A,N/A,N/A,7005414,?,?
82,1,E020665,RES PRECISION THICK FILM CHIP," 47K",R0201,1,N/A,1/20W,R701,PANASONIC," ERJ-1GNF4702C",REL,N/A,N/A,N/A,N/A,N/A,?,?
84,1,E004013,RES PRECISION THICK FILM CHIP," 20K",R0201,1,N/A,1/20W,R713,PANASONIC," ERJ-1GNF2002C",REL,N/A,N/A,N/A,N/A,N/A,?,?
85,2,E017978,RES PRECISION THICK FILM CHIP," 56K",R0402,1,N/A,1/10W,"R714,R909",PANASONIC," ERJ-2RKF5602X",REL,N/A,N/A,N/A,N/A,7008077,?,?
87,1,E020936,RES GEN PURPOSE CHIP," 1K",R0402,5,N/A,1/16W,R848,YAGEO," RC0402JR-071KL",REL,N/A,N/A,N/A,N/A,N/A,?,?
88,1,E017866,RES THICK FILM CHIP," 2K",R0603,1,50V,1/16W,R901,MULTICOMP (SPC)," MC 0.063W 0603 1% 2K",REL,N/A,N/A,N/A,N/A,7007050,?,?
89,1,E004008,RES PRECISION THICK FILM CHIP," 200",R0201,1,N/A,1/20W,R902,PANASONIC," ERJ-1GNF2000C",REL,A003-0081-001,N/A,N/A,N/A,7006667,?,?
90,2,E003464,RES THICK FILM CHIP," 100K",R0402,5,N/A,1/10W,"R903,R906",PANASONIC," ERJ-2GEJ104X",REL,N/A,N/A,N/A,N/A,7005773,?,?
91,1,E018504,RES PRECISION THICK FILM CHIP," 43.2K",R0402,1,N/A,1/10W,R905,PANASONIC," ERJ-2RKF4322X",REL,N/A,N/A,N/A,N/A,7007631,?,?
92,2,E003791,RES PRECISION THICK FILM CHIP," 20K",R0402,1,N/A,1/16W,"R908,R911",PANASONIC," ERJ-2RKF2002X",REL,A003-0035-048,41816DG1537,N/A,1264_CAB3,N/A,?,?
93,1,E019660,RES STD THICK FILM CHIP," 14K",R0402,1,N/A,1/16W,R910,VISHAY," CRCW040214K0FKED",REL,N/A,N/A,N/A,N/A,7006163,?,?
94,1,E007152,RES  FILM CHIP THICK," 22.1K",R0402,1,N/A,1/16W,R913,VISHAY," CRCW040222K1FKED",REL,A003-0035-084,41816DG1562,N/A,1522_CAB3,7006795,?,?
95,2,E003777,RES PRECISION THICK FILM CHIP," 6.34K",R0402,1,N/A,1/16W,"R916,R923",PANASONIC," ERJ-2RKF6341X",REL,A003-0035-034,41816JH1202,N/A,N/A,7008155,?,?
99,1,E019881,RES PRECISION THICK FILM CHIP," 31.6K",R0402,1,N/A,1/10W,R927,PANASONIC," ERJ-2RKF3162X",REL,N/A,N/A,N/A,N/A,N/A,?,?
101,1,E019976,RES PRECISION THICK FILM CHIP," 12.7K",R0402,1,N/A,1/10W,R931,PANASONIC," ERJ-2RKF1272X",REL,N/A,N/A,N/A,N/A,N/A,?,?
102,3,E016658,RES THICK FILM CHIP," 0.1",R0603,1,N/A,1/10W,"R932,R933,R934",PANASONIC," ERJ-3RSFR10V",REL,N/A,N/A,N/A,N/A,N/A,?,?
104,1,E015794,RES THICK FILM CHIP," 0.47",R0603,5,N/A,1/10W,R937,PANASONIC," ERJ-3RQJR47V",REL,N/A,N/A,N/A,N/A,7005431,?,?
105,1,E006826,RES FILM SMD 0603," 0",R0603,5,N/A,1/10W,R938,PANASONIC," ERJ-3GEY0R00V",REL,A003-0038-001,N/A,N/A,N/A,7008623,?,?
108,4,E018600,"XFRM RF 50OHMS, 10 TO 8000MEGHZ PRELIM"," TCM1-83X+",TSML150W160H160,N/A,N/A,0.2W,"T205,T207,T302,T303",MINI CIRCUITS," TCM1-83X+",RWC,N/A,N/A,N/A,N/A,7004706,?,?
109,1,E016462,XFMR MULTILAYER BALUN 3-8GHZ," HHM1595A1",T0805_A,N/A,N/A,N/A,T301,TDK," HHM1595A1",REL,N/A,N/A,N/A,1685_CAB3,7004613,?,?
110,1,E006308,XFMR RF 1:1," MABA-007159-000000",ETC1,N/A,N/A,N/A,T401,MACOM TECHNOLOGY SOLUTIONS," MABA-007159-000000",REL,A005-0001-133,N/A,N/A,1038_CAB3,N/A,?,?
112,1,E031700,"IC-ADI INTEGRATED DUAL RF TRANSMITTER AND OBSERVATION RECEIVER, PRELIM"," ADRV9008BBCZ-2",BGA196,N/A,N/A,?,U101,ANALOG DEVICES," ADRV9008BBCZ-2",RWC,N/A,N/A,N/A,N/A,N/A,?,?
114,1,E019427,IC-ADI JESD204B CLK GEN WITH 14 LVDS/HSTL OUTPUTS," AD9528BCPZ",QFN72_10X10_PAD5_3X5_3,N/A,N/A,?,U401,ADI," AD9528BCPZ",REL,N/A,N/A,N/A,N/A,1002807,?,?
115,1,E017378,IC-CMOS ULP-A BUFFER WITH 3 STATE OUTPUT," NC7WV125K8X",US8,N/A,N/A,?,U402,FAIRCHILD SEMICONDUCTOR," NC7WV125K8X",REL,N/A,N/A,N/A,N/A,1005326,?,?
116,1,E020776,LAST TIME BUY," ADG3304SRU-EP",TSSOP14,N/A,N/A,?,U403,ANALOG DEVICES," ADG3304SRU-EP",LTB,N/A,N/A,N/A,N/A,N/A,?,?
117,1,E010847,IC SINGLE-CHA BIDIR LOGIC LEVEL TRANSLATOR," ADG3301BKSZ",SC70-6,N/A,N/A,?,U404,ANALOG DEVICES," ADG3301BKSZ-REEL7",REL,A999-3301-001,40901JH1576,N/A,1623_CAB1,1003207,?,?
118,1,E002060,IC TINYLOGIC UHS DUAL BUFFER," NC7WZ16P6X",SC70,N/A,N/A,?,U405,FAIRCHILD SEMICONDUCTOR," NC7WZ16P6X",REL,A005-0012-249,N/A,N/A,1397_CAB3,N/A,?,?
119,1,E031427,"IC 2-KBIT SERIAL I2C BUS EEPROM, 1.6V OR 1.7V TO 5.5V"," M24C02-FDW6TP",TSSOP8,N/A,N/A,?,U702,ST MICROELECTRONICS," M24C02-FDW6TP",REL,N/A,N/A,N/A,N/A,N/A,?,?
120,1,E017361,IC-ADI 8-CH I2C 12BIT SAR ADC," AD7291BCPZ",QFN20_4X4_PAD2_6X2_6,N/A,N/A,?,U703,ADI," AD7291BCPZ",REL,N/A,N/A,N/A,N/A,N/A,?,?
121,1,E019222,"IC-ADI PACKWOOD, 4-CH INTEGRATED PWR SOLUTION PRELIM"," ADP5054ACPZ",QFN48_7X7_PAD5_6X5_6,N/A,N/A,?,U901,ADI," ADP5054ACPZ",RWC,N/A,N/A,N/A,N/A,1003862,?,?
123,1,E013348,IC CRYSTAL SMD PECL/LVDS OSCILLATOR VT TYPE," 122.88MEGHZ",YSML276W197H71,N/A,N/A,N/A,Y401,TAITIEN," A0145-O-002-3-122.88000MHz",REL,N/A,N/A,N/A,N/A,1006265,?,?


The following components are part of the PCB or are NOT to be installed
ITEM#,Qty,WW_PN,DESCRIPTION," VALUE",JEDEC_TYPE,TOL,VOLTAGE,WATTAGE,LOCATION,MFG," MFG_PN",HLM_STATUS,STOCKROOM_WL,STOCKROOM_GT,STOCKROOM_LK,STOCKROOM_GBO,STOCKROOM_NSH,CUSTOM_PART,DNI
 4,9,E011567,"CAP CER X5R, GENERAL PURPOSE"," 0.1uF",C0201,10,6.3V,N/A,"C127,C128,C129,C130,C131,C132,C133,C134,C135",MURATA," GRM033R60J104KE19D",REL,N/A,40302JH901,N/A,1646_CAB3,N/A,?,DNI
 5,1,E007449,"CAP CER X5R, GENERAL PURPOSE"," 1uF",C0402,10,6.3V,N/A,C136,MURATA," GRM155R60J105KE19D",REL,A004-0011-072,40302DG788,N/A,163_CAB3,7002750,?,DNI
 6,22,E005718,"DO NOT INSTALL (TBD_C0201), PLEASE USE SYM_3 AND/OR SYM_4"," TBD0201",C0201,TBD0201,TBD0201,N/A,"C215,C217,C218,C221,C222,C224,C225,C228,C301,C303,C312,C314,C320,C322,C323,C325,C327,C329,C338,C339,C341,C342",TBD0201," TBD0201",REL,TBD0201,N/A,N/A,N/A,N/A,?,DNI
 7,2,E022849,"CAP CER C0G(NP0), GENERAL PURPOSE"," 10pF",C0201,5,25V,N/A,"C244,C246",MURATA," GRM0335C1E100JA01D",REL,N/A,N/A,N/A,N/A,N/A,?,DNI
 15,5,E007200,"CAP CER X7R, GENERAL PURPOSE"," 0.1uF",C0402,10,16V,N/A,"C402,C404,C408,C419,C420",MURATA," GRM155R71C104KA88D",REL,A004-0011-066,N/A,N/A,49_CAB3,N/A,?,DNI
 16,1,E011273,"CAP CER X5R, GENERAL PURPOSE"," 0.33uF",C0402,10,10V,N/A,C406,MURATA," GRM155R61A334KE15D",REL,N/A,N/A,N/A,N/A,N/A,?,DNI
 17,2,E006763,"CAP CER X7R, GENERAL PURPOSE"," 100pF",C0201,10,25V,N/A,"C410,C411",MURATA," GRM033R71E101KA01D",REL,A004-0030-004,N/A,N/A,N/A,7002390,?,DNI
 18,2,E010983,"CAP CER X7R, GENERAL PURPOSE"," 0.01uF",C0402,10,25V,N/A,"C412,C413",MURATA," GRM155R71E103KA01D",REL,N/A,N/A,N/A,N/A,7001961,?,DNI
 22,3,E000381,"DO NOT INSTALL (TBD_C0402), PLEASE USE SYM_3 AND/OR SYM_4"," TBD0402",C0402,TBD0402,TBD0402,N/A,"C445,C911,C912",TBD0402," TBD0402",REL,TBD0402,N/A,N/A,N/A,N/A,?,DNI
 25,2,E007201,"CAP CER X7R, GENERAL PURPOSE"," 0.01uF",C0201,10,10V,N/A,"C801,C802",MURATA," GRM033R71A103KA01D",REL,ADD_TO_STOCK_237,N/A,N/A,1214_CAB3,7001953,?,DNI
 33,1,E010382,"CAP CER X5R, GENERAL PURPOSE"," 4.7uF",C0603,10,6.3V,N/A,C933,MURATA," GRM188R60J475KE19",NON-PREF,N/A,N/A,N/A,1391_CAB3,7003191,?,DNI
 45,1,E015998,IND CHIP FERRITE BEAD," 30OHM",L0402,25,N/A,N/A,E907,MURATA MANUFACTURING," BLM15AX300SN1D",REL,N/A,N/A,N/A,N/A,7005137,?,DNI
 47,12,E022198,CONN-PCB UMC JACK STR 50 OHM SMD," U.FL-R-SMT-1(01)",CNHIROSE-U_FL-R-SMT-1,N/A,N/A,N/A,"J101,J305,J306,J404,J405,J406,J407,J409,J410,J411,J412,J413",HIROSE ELECTRIC," U.FL-R-SMT-1(01)",REL,N/A,N/A,N/A,N/A,N/A,?,DNI
 53,5,E007524,"DO NOT INSTALL (TBD_L0201), PLEASE USE SYM_3 AND/OR SYM_4"," TBD0201",L0201,TBD0201,N/A,N/A,"L323,L325,L327,L329,L612",TBD0201," TBD0201",REL,TBD0201,N/A,N/A,N/A,N/A,?,DNI
 54,1,E002418,"DO NOT INSTALL (TBD_L0402), PLEASE USE SYM_3 AND/OR SYM_4"," TBD0402",L0402,TBD0402,N/A,N/A,L401,TBD0402," TBD0402",REL,TBD0402,N/A,N/A,N/A,N/A,?,DNI
 62,1,E008161,CONN-PCB TERM STRIP HEADER 2P," Z5.530.3225.0",CNWIELAND3225,N/A,N/A,N/A,P901,WIELAND ELECTRIC GMBH," Z5.530.3225.0",REL,N/A,N/A,N/A,N/A,6002504,?,DNI
 63,1,E000812,CONN-PCB BERG HDR ST MALE 3P," TSW-103-08-G-S",CNBERG1X3H205LD36,N/A,N/A,N/A,P902,SAMTEC," TSW-103-08-G-S",REL,A012-0003-075,N/A,N/A,N/A,N/A,?,DNI
 64,5,E006296,CONN-PCB HEADER 2 POS," TSW-102-08-G-S",CNSAMTEC1X2H330LD36,N/A,N/A,N/A,"P903,P904,P905,P906,P907",SAMTEC," TSW-102-08-G-S",REL,ADD_TO_STOCK_2,N/A,N/A,N/A,N/A,?,DNI
 67,11,E004011,RES PRECISION THICK FILM CHIP," 10K",R0201,1,N/A,1/20W,"R102,R103,R104,R105,R106,R107,R108,R109,R111,R119,R120",PANASONIC," ERJ-1GNF1002C",REL,A003-0081-004,N/A,N/A,N/A,7005859,?,DNI
 72,2,E004015,RES CHIP SMD 0201," 0",R0201,5,N/A,1/20W,"R304,R305",PANASONIC," ERJ-1GE0R00C",REL,A003-0082-001,N/A,N/A,1245_CAB3,N/A,?,DNI
 73,2,E003750,RES PRECISION THICK FILM CHIP," 49.9",R0402,1,N/A,1/16W,"R401,R412",PANASONIC," ERJ-2RKF49R9X",REL,A003-0035-003,41816DG208,N/A,1023_CAB3,7007757,?,DNI
 75,2,E003773,RES PRECISION THICK FILM CHIP," 24.9",R0402,1,N/A,1/16W,"R403,R404",PANASONIC," ERJ-2RKF24R9X",REL,A003-0035-030,41816DG582,N/A,N/A,N/A,?,DNI
 76,7,E007239,RES PREC THICK FILM CHIP," 100",R0201,1,N/A,1/20W,"R405,R418,R426,R427,R428,R434,R450",PANASONIC," ERJ-1GNF1000C",REL,N/A,N/A,N/A,N/A,N/A,?,DNI
 77,12,E003438,RES CHIP SMD JMPR," 0",R0402,5,N/A,N/A,"R409,R417,R421,R422,R429,R430,R437,R438,R448,R449,R451,R452",PANASONIC," ERJ-2GE0R00X",REL,A003-0021-001,N/A,N/A,1138_CAB3,7000282,?,DNI
 83,5,E004013,RES PRECISION THICK FILM CHIP," 20K",R0201,1,N/A,1/20W,"R708,R709,R710,R711,R712",PANASONIC," ERJ-1GNF2002C",REL,N/A,N/A,N/A,N/A,N/A,?,DNI
 86,5,E003751,RES PRECISION THICK FILM CHIP," 10K",R0402,1,N/A,1/10W,"R717,R723,R725,R727,R922",PANASONIC," ERJ-2RKF1002X",REL,A003-0035-004,41816DG719,N/A,N/A,7000582,?,DNI
 96,1,E019637,RES STD THICK FILM CHIP," 10.7K",R0402,1,N/A,1/16W,R917,VISHAY," CRCW040210K7FKED",REL,N/A,N/A,N/A,N/A,7005688,?,DNI
 97,2,E008189,RES PRECISION THICK FILM CHIP," 47K",R0402,1,50V,1/16W,"R918,R919",PANASONIC," ERJ-2RKF4702X",REL,N/A,N/A,N/A,N/A,7007735,?,DNI
 98,1,E017173,RES PRECISION THICK FILM CHIP," 37.4K",R0402,1,N/A,1/10W,R926,PANASONIC," ERJ-2RKF3742X",REL,N/A,N/A,N/A,N/A,N/A,?,DNI
 100,1,E021819,RES PRECISION THICK FILM CHIP," 27.4K",R0402,1,N/A,1/10W,R930,PANASONIC," ERJ-2RKF2742X",REL,N/A,N/A,N/A,N/A,N/A,?,DNI
 103,1,E006826,RES FILM SMD 0603," 0",R0603,5,N/A,1/10W,R936,PANASONIC," ERJ-3GEY0R00V",REL,A003-0038-001,N/A,N/A,N/A,7008623,?,DNI
 106,1,E003791,RES PRECISION THICK FILM CHIP," 20K",R0402,1,N/A,1/16W,R939,PANASONIC," ERJ-2RKF2002X",REL,A003-0035-048,41816DG1537,N/A,1264_CAB3,N/A,?,DNI
 107,1,E006643,RES PRECISION THICK FILM CHIP," 4.99K",R0402,1,N/A,1/16W,R940,PANASONIC," ERJ-2RKF4991X",REL,A003-0035-080,41816JH612,N/A,1263_CAB3,N/A,?,DNI
 111,2,E005683,CONN-PCB TST PNT WHITE," WHT",CNKEY5001TP,N/A,N/A,N/A,"TP400,TP401",COMPONENTS CORPORATION," TP-105-01-09",REL,A012-0018-082,N/A,N/A,N/A,6002490,?,DNI
 113,1,E019626,IC 8MBIT 76MHZ SERIAL FLASH MEMORY PRELIM," S25FL208K0RMFI041",SO8,N/A,3V,?,U102,SPANSION," S25FL208K0RMFI041",RWC,N/A,N/A,N/A,N/A,1005687,?,DNI
 122,1,E012587,IC-ADI CMOS LOW QUIESCENT CURRENT," ADP125ARHZ-R7",MSOP8_PAD2_16X1_73,N/A,2.3V TO 5.5V,?,U902,ANALOG DEVICES," ADP125ARHZ-R7",REL,N/A,N/A,N/A,1536_CAB3,N/A,?,DNI

